,pl_name,pl_radj,pl_bmassj,pl_orbper,pl_eqt,pl_pnum,st_mass
15,2MASS J21402931+1625183 A b,0.92,20.95,7336.5,2075.0,1,0.08
28,55 Cnc e,0.17,0.025419999999999998,0.736539,1952.845387434667,5,0.91
48,BD+20 594 b,0.23,0.07,41.6855,546.7796860822541,1,1.67
63,CoRoT-1 b,1.49,1.03,1.5089557,1898.0,1,0.95
64,CoRoT-10 b,0.97,2.75,13.2406,600.0,1,0.89
65,CoRoT-11 b,1.43,2.33,2.99433,1657.0,1,1.27
66,CoRoT-12 b,1.44,0.917,2.828042,1442.0,1,1.08
67,CoRoT-13 b,0.885,1.308,4.03519,1700.0,1,1.09
68,CoRoT-14 b,1.09,7.6,1.51214,1952.0,1,1.13
69,CoRoT-16 b,1.17,0.535,5.35227,1195.136239517178,1,1.1
70,CoRoT-17 b,1.02,2.43,3.7681,1626.0,1,1.04
71,CoRoT-18 b,1.31,3.47,1.9000693,1550.0,1,0.95
72,CoRoT-19 b,1.29,1.11,3.89713,2000.0,1,1.21
73,CoRoT-2 b,1.466,3.47,1.7429935,1547.0571856525933,1,0.96
76,CoRoT-22 b,0.435,0.038,9.75598,885.0,1,1.1
77,CoRoT-23 b,1.05,2.8,3.6313,1660.0,1,1.14
79,CoRoT-24 c,0.44,0.088,11.759,850.0,2,0.91
80,CoRoT-25 b,1.08,0.27,4.86069,1330.0,1,1.09
81,CoRoT-26 b,1.26,0.52,4.20474,1600.0,1,1.09
82,CoRoT-27 b,1.0070000000000001,10.39,3.57532,1500.0,1,1.05
83,CoRoT-28 b,0.955,0.484,5.20851,1363.7437487913444,1,1.01
84,CoRoT-29 b,0.9,0.85,2.85057,1219.0122749844193,1,0.97
85,CoRoT-3 b,1.01,21.66,4.2568,1698.5615609057697,1,1.37
86,CoRoT-4 b,1.19,0.72,9.20205,1074.0,1,1.16
87,CoRoT-5 b,1.3880000000000001,0.467,4.0378962,1438.0,1,1.0
88,CoRoT-6 b,1.166,2.96,8.886593,1017.0,1,1.05
89,CoRoT-7 b,0.15,0.01,0.85359,1804.6086481764917,2,0.82
91,CoRoT-8 b,0.57,0.22,6.21229,853.660123312763,1,0.88
92,CoRoT-9 b,1.0659999999999998,0.84,95.272656,420.0,1,0.96
93,CoRoTID 223977153 b,0.57,0.15,6.71837,938.0,1,1.08
98,EPIC 211945201 b,0.546,0.08495,19.49213,886.0,1,1.18
105,GJ 1214 b,0.254,0.0197,1.58040456,576.0796958487556,1,0.15
125,GJ 3470 b,0.34600000000000003,0.043,3.3366487,604.0,1,0.51
158,GJ 9827 b,0.145,0.010759999999999999,1.2089802,1172.0,3,0.61
159,GJ 9827 c,0.113,0.00761,3.648083,811.0,3,0.61
160,GJ 9827 d,0.185,0.01636,6.201467,680.0,3,0.61
164,HAT-P-1 b,1.319,0.525,4.46529976,1322.0,1,1.15
167,HAT-P-12 b,0.9590000000000001,0.211,3.2130598,963.0,1,0.73
168,HAT-P-13 b,1.272,0.851,2.91625,1647.5805940113266,2,1.22
170,HAT-P-14 b,1.42,3.44,4.62767,1565.2779318146709,1,2.65
171,HAT-P-15 b,1.06,1.94,10.8635,896.2065870278216,1,1.0
172,HAT-P-16 b,1.2890000000000001,4.193,2.77596,1626.0,1,1.22
173,HAT-P-17 b,1.05,0.58,10.33852,775.3590525681929,2,0.99
175,HAT-P-18 b,0.995,0.197,5.508023,852.0,1,0.77
176,HAT-P-19 b,1.1320000000000001,0.292,4.008778,1010.0,1,0.84
177,HAT-P-2 b,1.2,11.43,5.63347,1455.393042581104,1,1.93
178,HAT-P-20 b,0.867,7.246,2.875317,970.0,1,0.76
179,HAT-P-21 b,1.11,4.87,4.12448,1274.3713721943582,1,1.24
180,HAT-P-22 b,1.15,2.47,3.21222,1278.3800483880736,1,1.13
181,HAT-P-23 b,1.09,1.34,1.21288,2047.317413549101,1,0.58
182,HAT-P-24 b,1.3,0.75,3.35524,1635.2937465961845,1,1.37
183,HAT-P-25 b,1.19,0.567,3.652836,1202.0,1,1.01
184,HAT-P-26 b,0.63,0.07,4.23452,990.2398014814,1,1.12
185,HAT-P-27 b,1.02,0.62,3.039577,1208.5882599117626,1,0.94
186,HAT-P-28 b,1.212,0.626,3.257215,1384.0,1,1.02
187,HAT-P-29 b,1.17,0.88,5.72319,1256.8241832302429,1,1.45
188,HAT-P-3 b,0.94,0.65,2.8997,1157.4795471385771,1,1.06
189,HAT-P-30 b,1.44,0.83,2.8106,1637.836307724957,1,1.55
190,HAT-P-31 b,1.09,2.27,5.00542,1377.1664062746192,1,1.31
191,HAT-P-32 b,1.75,0.83,2.15001,1782.1500024180211,1,1.09
192,HAT-P-33 b,1.85,0.92,3.47447,1775.8883940895953,1,1.82
193,HAT-P-34 b,1.35,7.01,5.45265,1303.0064655735978,1,4.26
194,HAT-P-35 b,3.55,7.52,3.64671,1575.5080330033027,1,23.56
195,HAT-P-36 b,1.15,1.53,1.32735,1817.205930503439,1,0.78
196,HAT-P-37 b,1.178,1.169,2.797436,1271.0,1,0.93
197,HAT-P-38 b,0.825,0.267,4.640382,1082.0,1,0.89
198,HAT-P-39 b,1.571,0.599,3.54387,1752.0,1,1.4
200,HAT-P-40 b,1.52,0.48,4.45724,1764.6144832420812,1,1.03
201,HAT-P-41 b,2.05,1.19,2.69405,1937.3563756115743,1,2.56
202,HAT-P-42 b,1.28,1.044,4.641878,1428.0,1,1.18
203,HAT-P-43 b,1.281,0.662,3.332687,1361.0,1,1.05
204,HAT-P-44 b,1.242,0.352,4.301219,1108.0,2,0.94
206,HAT-P-45 b,1.426,0.892,3.128992,1652.0,1,1.26
207,HAT-P-46 b,1.284,0.493,4.463129,1458.0,1,1.28
208,HAT-P-49 b,1.59,2.2,2.69155,2123.2376704772573,1,2.22
209,HAT-P-5 b,1.21,0.98,2.78849,1534.264688644527,1,1.04
210,HAT-P-50 b,1.288,1.35,3.1220109,1862.0,1,1.27
211,HAT-P-51 b,1.2930000000000001,0.309,4.2180278,1192.0,1,0.98
212,HAT-P-52 b,1.0090000000000001,0.818,2.7535953,1218.0,1,0.89
213,HAT-P-53 b,1.318,1.484,1.9616241,1778.0,1,1.09
214,HAT-P-54 b,0.9440000000000001,0.76,3.799847,818.0,1,0.65
215,HAT-P-55 b,1.182,0.582,3.5852467,1313.0,1,1.01
216,HAT-P-56 b,1.51,2.31,2.79083,1837.9793731360269,1,1.42
217,HAT-P-57 b,1.74,1.41,2.4653,1853.3607434409357,1,2.77
218,HAT-P-6 b,1.48,1.32,3.85298,1668.2279472311532,1,1.79
219,HAT-P-65 b,1.89,0.527,2.6054552,1930.0,1,1.21
220,HAT-P-66 b,1.59,0.783,2.972086,1896.0,1,1.25
221,HAT-P-67 b,2.085,0.34,4.8101025,1903.0,1,1.64
222,HAT-P-7 b,1.51,1.84,2.20474,2221.509960523139,1,1.56
223,HAT-P-8 b,1.4,1.28,3.07634,1768.8990843791569,1,1.27
224,HAT-P-9 b,1.4,0.78,3.92289,1530.0,1,1.28
225,HATS-1 b,1.3019999999999998,1.855,3.446459,1359.0,1,0.99
226,HATS-10 b,0.9690000000000001,0.526,3.312846,1407.0,1,1.1
227,HATS-11 b,1.4869999999999999,0.83,3.6191634,1632.2677956965701,1,1.0
228,HATS-12 b,1.3840000000000001,2.39,3.1428347,2097.107472438013,1,1.49
229,HATS-13 b,1.212,0.543,3.0440499,1244.0,1,0.96
230,HATS-14 b,1.0390000000000001,1.071,2.7667641,1276.0,1,0.97
231,HATS-15 b,1.105,2.17,1.74748753,1505.0,1,0.87
232,HATS-16 b,1.3,3.27,2.686502,1592.0,1,0.97
233,HATS-17 b,0.777,1.338,16.254611,814.0,1,1.13
234,HATS-18 b,1.337,1.98,0.8378434,2060.0,1,1.04
235,HATS-2 b,1.168,1.345,1.354133,1577.0,1,0.88
236,HATS-22 b,0.953,2.74,4.7228124,858.0,1,0.76
237,HATS-23 b,1.86,1.47,2.1605156,1654.0,1,1.12
238,HATS-24 b,1.4869999999999999,2.44,1.3484954,2067.0,1,1.21
239,HATS-25 b,1.26,0.613,4.2986432,1277.0,1,0.99
240,HATS-26 b,1.75,0.65,3.3023881,1918.0,1,1.3
241,HATS-27 b,1.5,0.53,4.637038,1659.0,1,1.42
242,HATS-28 b,1.194,0.672,3.1810781,1253.0,1,0.93
243,HATS-29 b,1.251,0.653,4.6058749,1212.0,1,1.03
244,HATS-3 b,0.99,0.55,3.54785,1645.4518908648881,1,0.44
245,HATS-30 b,1.175,0.706,3.1743516,1414.0,1,1.09
246,HATS-31 b,1.64,0.88,3.37796,1823.0,1,1.27
247,HATS-32 b,1.249,0.92,2.8126548,1437.0,1,1.1
248,HATS-33 b,1.23,1.192,2.5495551,1429.0,1,1.06
249,HATS-34 b,1.43,0.941,2.1061607,1445.0,1,0.95
250,HATS-35 b,1.464,1.222,1.8209993,2037.0,1,1.32
251,HATS-36 b,1.235,3.216,4.1752387,1356.0,1,1.22
252,HATS-39 b,1.57,0.63,4.5776348,1645.0,1,1.38
253,HATS-4 b,1.02,1.323,2.516729,1315.0,1,1.0
254,HATS-40 b,1.58,1.59,3.2642736,2101.0,1,1.56
255,HATS-41 b,1.33,9.7,4.193649,1710.0,1,1.5
256,HATS-42 b,1.4,1.88,2.292102,1856.0,1,1.27
257,HATS-43 b,1.18,0.261,4.3888497,1003.0,1,0.84
258,HATS-44 b,1.067,0.56,2.7439004,1161.0,1,0.86
259,HATS-45 b,1.286,0.7,4.1876244,1518.0,1,1.27
260,HATS-46 b,0.903,0.173,4.7423729,1054.0,1,0.92
261,HATS-5 b,0.912,0.237,4.763387,1025.0,1,0.94
262,HATS-50 b,1.13,0.39,3.8297015,1360.2648867668072,1,1.17
263,HATS-51 b,1.41,0.768,3.3488702,1553.0,1,1.19
264,HATS-52 b,1.382,2.24,1.36665436,1834.0,1,1.11
265,HATS-53 b,1.34,0.595,3.8537768,1312.0,1,0.96
266,HATS-6 b,0.998,0.319,3.3252725,713.0,1,0.57
267,HATS-7 b,0.563,0.12,3.185315,1084.0,1,0.85
268,HATS-8 b,0.873,0.138,3.583893,1324.0,1,1.06
269,HATS-9 b,1.172,0.816,1.915311,1814.7519225721617,1,1.03
391,HD 149026 b,0.74,0.38,2.87589,1677.113840414874,1,1.42
446,HD 17156 b,1.1,3.51,21.21663,883.9907903050173,1,1.41
475,HD 189733 b,1.13,1.13,2.21858,1202.3697262991889,1,0.79
512,HD 209458 b,1.39,0.73,3.52475,1453.590449766382,1,1.23
534,HD 219134 b,0.14300000000000002,0.01491,3.092926,1015.0,6,0.81
535,HD 219134 c,0.135,0.01372,6.76458,782.0,6,0.81
586,HD 3167 b,0.152,0.015790000000000002,0.959641,1747.988051807324,3,0.86
587,HD 3167 c,0.26899999999999996,0.03083,29.8454,555.838882107277,3,0.86
700,HD 80606 b,1.07,4.38,111.4367,396.7809225078387,1,1.15
720,HD 89345 b,0.612,0.11232,11.81399,1053.0,1,1.12
735,HD 97658 b,0.21,0.03,9.4909,738.8092985598089,1,0.89
745,HIP 116454 b,0.22,0.04,9.1205,737.7092897730134,1,0.81
784,K2-10 b,0.34299999999999997,0.08495,19.3044,724.7244032055049,1,0.92
789,K2-105 b,0.369,0.09439,8.266902,901.1986871660541,1,1.01
790,K2-106 b,0.136,0.0263,0.571292,2333.0,2,0.94
791,K2-106 c,0.223,0.01825,13.3397,774.0,2,0.94
792,K2-107 b,1.44,0.84,3.31392,1780.0,1,1.3
793,K2-108 b,0.47100000000000003,0.18689,4.73401,1446.0,1,1.12
795,K2-110 b,0.231,0.052539999999999996,13.86375,640.0,1,0.74
796,K2-111 b,0.17,0.02706,5.35117,1309.0,1,0.88
797,K2-113 b,0.93,1.29,5.817608,1178.0,1,1.01
798,K2-114 b,0.9420000000000001,1.85,11.39109,719.0,1,0.83
799,K2-115 b,1.115,0.84,20.273034,682.0,1,0.83
819,K2-132 b,1.3,0.49,9.1751,1543.3879461716674,1,1.08
832,K2-139 b,0.8079999999999999,0.387,28.38236,565.0,1,0.92
835,K2-141 b,0.135,0.01598,0.2803244,2114.2748631426775,2,0.71
850,K2-155 b,0.161,0.014790000000000001,6.342,708.0,3,0.65
851,K2-155 c,0.23199999999999998,0.02045,13.85,583.0,3,0.65
852,K2-155 d,0.17,0.01542,40.718,381.0,3,0.65
885,K2-18 b,0.212,0.02504,32.93963,235.0,2,0.36
961,K2-232 b,1.0,0.398,11.168454,1030.0,1,1.19
965,K2-237 b,1.65,1.6,2.18056,1884.0,1,1.28
966,K2-238 b,1.3,0.86,3.20466,1587.0,1,1.19
967,K2-239 b,0.098,0.0044,5.24,502.0,3,0.4
968,K2-239 c,0.08900000000000001,0.00283,7.775,427.0,3,0.4
969,K2-239 d,0.098,0.00409,10.115,399.0,3,0.4
972,K2-240 b,0.17800000000000002,0.01573,6.034,586.0,2,0.58
973,K2-240 c,0.161,0.014469999999999998,20.523,389.0,2,0.58
998,K2-27 b,0.4,0.09722,6.771315,902.0,1,0.87
1000,K2-29 b,1.19,0.73,3.2588321,1171.0,1,0.94
1004,K2-30 b,1.0390000000000001,0.579,4.098503,1092.0,1,0.9
1005,K2-31 b,1.06,1.774,1.25785,1512.301256019741,1,0.91
1006,K2-32 b,0.45799999999999996,0.051910000000000005,8.99213,817.0,3,0.86
1008,K2-32 d,0.306,0.03241,31.7154,537.0,3,0.86
1010,K2-34 b,1.07,1.11,2.99561,1744.2038777592188,1,0.64
1018,K2-38 b,0.17,0.06,4.01593,1281.8562658254552,2,2.24
1019,K2-38 c,0.21600000000000003,0.03115,10.56103,858.0,2,2.24
1020,K2-39 b,0.56,0.09,4.60543,1867.2963726801208,1,0.66
1044,K2-60 b,0.6829999999999999,0.426,3.00265,1400.0,1,0.97
1051,K2-66 b,0.222,0.06702000000000001,5.06963,1372.0,1,1.11
1086,K2-95 b,0.31,0.03458,10.13389,414.4916025419172,1,0.36
1087,K2-97 b,1.31,1.1,8.4061,1623.1522150760452,1,1.16
1088,K2-98 b,0.384,0.10131,10.13675,1102.0,1,1.07
1089,K2-99 b,1.29,0.97,18.249,1276.482663615741,1,1.6
1090,KELT-1 b,1.11,27.23,1.217514,2426.856403257961,1,1.32
1091,KELT-10 b,1.399,0.679,4.1662739,1377.0,1,1.11
1092,KELT-11 b,1.37,0.195,4.736529,1712.0,1,1.44
1093,KELT-12 b,1.78,0.95,5.031623,1800.0,1,1.59
1094,KELT-14 b,1.743,1.284,1.7100566,1970.0,1,1.24
1095,KELT-15 b,1.74,1.31,3.32944,1638.6404926434348,1,2.06
1096,KELT-16 b,1.415,2.75,0.9689951,2453.0,1,1.21
1097,KELT-17 b,1.525,1.31,3.0801716,2087.0,1,1.64
1098,KELT-18 b,1.57,1.18,2.8717518,2085.0,1,1.52
1100,KELT-2 A b,1.35,1.7,4.11379,1759.2029117355778,1,1.54
1103,KELT-3 b,1.56,1.94,2.70339,1817.6155298001859,1,1.96
1104,KELT-4 A b,1.699,0.902,2.9895932,1823.0,1,1.2
1105,KELT-6 b,1.3,0.52,7.8457,1312.9360423255903,2,1.42
1107,KELT-7 b,1.6,1.39,2.73477,2042.118138614159,1,1.76
1108,KELT-8 b,1.62,0.66,3.24406,1676.3939906347982,1,0.81
1109,KELT-9 b,1.891,2.88,1.4811235,4050.0,1,2.52
1121,KOI-12 b,1.54,5.32,17.85523,1076.5725209449652,1,1.82
1122,KOI-1257 b,0.94,1.45,86.647661,511.0,1,0.99
1123,KOI-13 b,1.5119999999999998,9.28,1.763588,2550.0,1,1.72
1124,KOI-142 b,0.337,0.027,10.95416,801.8197654271383,2,0.96
1135,KOI-55 b,0.068,0.0014,0.240104,7718.098923803531,2,0.5
1136,KOI-55 c,0.077,0.0021,0.342887,6853.721702607734,2,0.5
1137,KOI-94 b,0.153,0.033,3.743208,1486.0,4,1.28
1138,KOI-94 c,0.385,0.049,10.423648,1012.0,4,1.28
1139,KOI-94 d,1.005,0.334,22.342989,806.0,4,1.28
1140,KOI-94 e,0.585,0.11,54.32031,584.0,4,1.28
1141,KPS-1 b,1.03,1.09,1.706291,1459.0,1,0.89
1143,Kepler-10 b,0.132,0.0145,0.837491,2130.0,2,0.91
1144,Kepler-10 c,0.21,0.054,45.294301,584.0,2,0.91
1145,Kepler-100 b,0.11800000000000001,0.023,6.88705,1155.0,3,1.08
1158,Kepler-101 b,0.51,0.16,3.4876812,1513.0,2,1.17
1173,Kepler-102 d,0.105,0.012,10.3117,634.0,5,0.81
1174,Kepler-102 e,0.198,0.028,16.1457,546.0,5,0.81
1186,Kepler-103 b,0.301,0.031,15.9654,872.0,2,1.09
1187,Kepler-103 c,0.45899999999999996,0.114,179.612,389.0,2,1.09
1213,Kepler-105 c,0.11699999999999999,0.014469999999999998,7.1262,997.0,2,0.96
1226,Kepler-106 c,0.223,0.033,13.5708,785.0,4,1.0
1228,Kepler-106 e,0.228,0.035,43.8445,531.0,4,1.0
1281,Kepler-11 b,0.161,0.006,10.3039,849.0,6,0.96
1282,Kepler-11 c,0.256,0.009,13.0241,786.0,6,0.96
1283,Kepler-11 d,0.278,0.023,22.6845,653.0,6,0.96
1284,Kepler-11 e,0.374,0.025,31.9996,582.0,6,0.96
1285,Kepler-11 f,0.222,0.006,46.6888,513.0,6,0.96
1324,Kepler-113 b,0.162,0.037,4.754,775.0,2,0.75
1337,Kepler-114 c,0.14300000000000002,0.009,8.041,507.0,3,0.56
1338,Kepler-114 d,0.226,0.012,11.776,446.0,3,0.56
1375,Kepler-117 b,0.7190000000000001,0.094,18.7959228,984.0,2,1.13
1376,Kepler-117 c,1.101,1.84,50.790391,704.0,2,1.13
1411,Kepler-12 b,1.754,0.432,4.4379629,1480.0,1,1.17
1440,Kepler-122 f,0.156,0.113,56.268,543.0,5,0.995
1517,Kepler-128 b,0.10099999999999999,0.097,15.09,968.0,2,1.2
1518,Kepler-128 c,0.10099999999999999,0.105,22.804,843.0,2,1.2
1554,Kepler-131 b,0.215,0.051,16.092,718.0,2,1.02
1555,Kepler-131 c,0.075,0.026,25.5169,615.0,2,1.02
1647,Kepler-138 b,0.047,0.00021,10.3126,443.0,3,0.52
1648,Kepler-138 c,0.107,0.0062,13.7813,402.0,3,0.52
1649,Kepler-138 d,0.10800000000000001,0.00201,23.0881,338.0,3,0.52
1676,Kepler-14 b,1.136,8.4,6.790123,1434.0,1,1.51
1738,Kepler-145 b,0.23600000000000002,0.117,22.951,873.0,2,1.28
1739,Kepler-145 c,0.385,0.25,42.882,709.0,2,1.28
1802,Kepler-15 b,0.96,0.66,4.942782,1008.0,1,1.02
1934,Kepler-16 b,0.754,0.333,228.776,215.0528945726283,1,0.69
1995,Kepler-1647 b,1.0590000000000002,1.51968,1107.5923,267.7144257225558,1,1.22
2004,Kepler-1655 b,0.19699999999999998,0.01573,11.8728787,863.0,1,1.03
2019,Kepler-17 b,1.31,2.45,1.4857108,1570.0,1,1.16
2040,Kepler-177 b,0.259,0.006,36.855,549.0,2,1.021
2041,Kepler-177 c,0.633,0.024,49.412,497.0,2,1.021
2047,Kepler-18 b,0.17800000000000002,0.022,3.504725,1165.0,3,0.97
2048,Kepler-18 c,0.49,0.054,7.64159,899.0,3,0.97
2049,Kepler-18 d,0.623,0.052,14.85888,720.0,3,0.97
2103,Kepler-20 b,0.16699999999999998,0.03052,3.69611525,1105.0,6,0.95
2104,Kepler-20 c,0.272,0.040119999999999996,10.85409089,772.0,6,0.95
2105,Kepler-20 d,0.245,0.03168,77.61130017,401.0,6,0.95
2134,Kepler-21 b,0.146,0.01598,2.78578,2025.0,1,1.41
2172,Kepler-223 b,0.267,0.023280000000000002,7.38449,1042.0,4,1.12
2173,Kepler-223 c,0.307,0.01605,9.84564,947.0,4,1.12
2174,Kepler-223 d,0.467,0.025169999999999998,14.78869,827.0,4,1.12
2175,Kepler-223 e,0.41,0.0151,19.72567,751.0,4,1.12
2217,Kepler-238 e,0.5,0.534,23.654,731.0,5,1.083
2218,Kepler-238 f,0.17800000000000002,0.042,50.447,568.0,5,1.083
2250,Kepler-25 b,0.242,0.0302,6.2385,1185.0,3,1.19
2251,Kepler-25 c,0.46399999999999997,0.0774,12.7204,934.0,3,1.19
2282,Kepler-26 b,0.248,0.01611,12.28,431.0,4,0.54
2283,Kepler-26 c,0.243,0.01951,17.2559,385.0,4,0.54
2327,Kepler-276 c,0.259,0.052,31.884,563.0,3,1.037
2328,Kepler-276 d,0.25,0.051,48.648,489.0,3,1.037
2329,Kepler-277 b,0.261,0.275,17.324,964.0,2,1.179
2330,Kepler-277 c,0.3,0.202,33.006,778.0,2,1.179
2334,Kepler-279 c,0.384,0.155,35.736,774.0,3,1.164
2335,Kepler-279 d,0.27699999999999997,0.118,54.414,574.0,3,1.097
2344,Kepler-282 d,0.21899999999999997,0.192,24.806,588.0,4,0.793
2345,Kepler-282 e,0.27699999999999997,0.177,44.347,484.0,4,0.793
2361,Kepler-289 b,0.192,0.023,34.545,607.0,3,1.08
2362,Kepler-289 c,1.034,0.42,125.8518,394.0,3,1.08
2363,Kepler-289 d,0.239,0.013,66.0634,504.13033206642297,3,1.08
2364,Kepler-29 b,0.299,0.014190000000000001,10.3384,777.0,2,0.98
2365,Kepler-29 c,0.28,0.01259,13.2884,715.0,2,0.98
2396,Kepler-30 b,0.348,0.036,29.33434,524.0,3,0.99
2397,Kepler-30 c,1.097,2.01,60.323105,411.0,3,0.99
2398,Kepler-30 d,0.785,0.073,143.34394,308.0,3,0.99
2412,Kepler-305 b,0.321,0.033,5.487,836.0,3,0.823
2413,Kepler-305 c,0.294,0.019,8.291,728.0,3,0.823
2419,Kepler-307 b,0.217,0.02341,10.4208,797.0,2,0.91
2420,Kepler-307 c,0.196,0.01145,13.0729,739.0,2,0.91
2474,Kepler-328 b,0.205,0.09,34.921,602.0,2,1.1
2475,Kepler-328 c,0.48200000000000004,0.124,71.312,475.0,2,1.1
2506,Kepler-338 e,0.139,0.027,9.341,1143.0,4,1.086
2510,Kepler-34 b,0.764,0.22,288.822,329.33319377142897,1,1.05
2535,Kepler-35 b,0.728,0.127,131.458,393.1738605596934,1,0.89
2537,Kepler-350 c,0.27699999999999997,0.019,17.849,888.0,3,1.111
2538,Kepler-350 d,0.25,0.047,26.136,782.0,3,1.111
2561,Kepler-36 b,0.133,0.014,13.83989,978.0,2,1.07
2562,Kepler-36 c,0.32799999999999996,0.025,16.23855,928.0,2,1.07
2584,Kepler-37 b,0.03,0.01,13.36731,656.0,4,0.87
2631,Kepler-39 b,1.24,20.1,21.08721,897.0,1,1.29
2644,Kepler-396 b,0.312,0.238,42.994,496.0,2,0.918
2645,Kepler-396 c,0.473,0.056,88.505,390.0,2,0.918
2654,Kepler-4 b,0.35700000000000004,0.077,3.21346,1650.0,1,1.22
2655,Kepler-40 b,1.17,2.2,6.87349,1620.0,1,1.48
2672,Kepler-406 b,0.128,0.02,2.42629,1302.0,2,1.07
2673,Kepler-406 c,0.076,0.009,4.62332,1050.0,2,1.07
2678,Kepler-41 b,1.29,0.56,1.8555582,1790.0,1,1.15
2682,Kepler-412 b,1.341,0.941,1.7208604,1850.0,1,1.17
2683,Kepler-413 b,0.38799999999999996,0.211,66.262,365.39416648563844,1,0.82
2684,Kepler-414 b,0.153,0.011,4.7,1024.0,2,0.89
2685,Kepler-414 c,0.26899999999999996,0.094,7.171,890.0,2,0.89
2686,Kepler-415 b,0.10800000000000001,0.377,4.176,694.0,2,0.67
2688,Kepler-416 b,0.221,0.183,6.319,986.0,2,1.0
2690,Kepler-417 b,0.20600000000000002,0.035,12.331,671.0,2,0.9
2693,Kepler-419 b,0.96,2.5,69.7546,613.0,2,1.39
2699,Kepler-422 b,1.15,0.43,7.8914483,1028.0,1,1.15
2700,Kepler-423 b,1.192,0.595,2.6843285,1605.0,1,0.85
2701,Kepler-424 b,0.89,1.03,3.3118644,1116.0,2,1.01
2703,Kepler-425 b,0.978,0.25,3.79701816,1070.0,1,0.93
2704,Kepler-426 b,1.09,0.34,3.21751883,1300.0,1,0.91
2705,Kepler-427 b,1.23,0.29,10.290994,1100.0,1,0.96
2706,Kepler-428 b,1.08,1.27,3.52563254,1070.0,1,0.87
2707,Kepler-43 b,1.219,3.23,3.0240949,1620.0,1,1.32
2713,Kepler-432 b,1.145,5.41,52.501129,812.0,2,1.32
2715,Kepler-433 b,1.45,2.82,5.33408384,1776.0,1,1.46
2716,Kepler-434 b,1.13,2.86,12.8747099,1000.0,1,1.2
2717,Kepler-435 b,1.99,0.84,8.6001536,1729.0,1,1.54
2723,Kepler-44 b,1.09,1.0,3.2467293,1544.0,1,1.12
2739,Kepler-447 b,1.65,1.37,7.79430132,882.0,1,1.0
2742,Kepler-45 b,0.96,0.505,2.455239,1000.0,1,0.59
2748,Kepler-454 b,0.21,0.02,10.57,844.0,2,0.85
2776,Kepler-48 b,0.168,0.0124,4.778,932.0,4,0.88
2777,Kepler-48 c,0.242,0.04597,9.67395,736.0,4,0.88
2778,Kepler-48 d,0.182,0.025,42.8961,448.0,4,0.88
2805,Kepler-5 b,1.426,2.111,3.5484657,1750.0,1,1.37
2818,Kepler-51 b,0.633,0.007,45.154,543.0,3,1.04
2819,Kepler-51 c,0.8029999999999999,0.013,85.312,439.0,3,1.04
2820,Kepler-51 d,0.865,0.024,130.194,381.0,3,1.04
2859,Kepler-539 b,0.747,0.97,125.63243,388.0,2,1.05
2891,Kepler-56 b,0.581,0.07,10.5016,1378.0,3,1.32
2892,Kepler-56 c,0.8740000000000001,0.57,21.40239,1087.0,3,1.32
2942,Kepler-6 b,1.304,0.668,3.2346996,1460.0,1,1.21
2943,Kepler-60 b,0.153,0.01318,7.1334,1102.0,3,1.04
2944,Kepler-60 c,0.17,0.01211,8.9187,1023.0,3,1.04
2945,Kepler-60 d,0.17800000000000002,0.013090000000000001,11.8981,929.0,3,1.04
3046,Kepler-68 b,0.21,0.02,5.39876,1250.7186283408298,3,1.19
3071,Kepler-7 b,1.6219999999999999,0.441,4.8854892,1630.0,1,1.36
3115,Kepler-74 b,0.96,0.63,7.340711,1078.0,1,1.18
3126,Kepler-75 b,1.05,10.1,8.8849116,767.0,1,0.91
3142,Kepler-76 b,1.36,2.01,1.5449298,2140.0,1,1.2
3155,Kepler-77 b,0.96,0.43,3.57878087,1440.0,1,0.95
3168,Kepler-78 b,0.1,0.01,0.35501,2208.2247767385197,1,0.84
3179,Kepler-79 b,0.31,0.0343,13.4845,929.0,4,1.17
3180,Kepler-79 c,0.332,0.019,27.4029,734.0,4,1.17
3181,Kepler-79 d,0.639,0.019,52.0902,592.0,4,1.17
3182,Kepler-79 e,0.311,0.013,81.0659,511.0,4,1.17
3193,Kepler-8 b,1.416,0.59,3.5224991,1680.0,1,1.21
3194,Kepler-80 b,0.23800000000000002,0.0218,7.05246,547.0,6,0.73
3195,Kepler-80 c,0.244,0.02121,9.52355,495.0,6,0.73
3196,Kepler-80 d,0.136,0.021240000000000002,3.07222,722.0,6,0.73
3197,Kepler-80 e,0.14300000000000002,0.01299,4.64489,629.0,6,0.73
3291,Kepler-87 b,1.204,1.02,114.73635,478.0,2,1.1
3292,Kepler-87 c,0.5479999999999999,0.02,191.2318,403.0,2,1.1
3324,Kepler-9 b,0.8420000000000001,0.252,19.24,661.0,3,1.07
3325,Kepler-9 c,0.823,0.171,38.91,523.0,3,1.07
3338,Kepler-91 b,1.367,0.81,6.24658,2040.0,1,1.31
3349,Kepler-92 b,0.313,0.202,13.749,975.0,3,1.142
3350,Kepler-92 c,0.23199999999999998,0.019,26.723,781.0,3,1.142
3363,Kepler-93 b,0.14,0.01,4.72674,1028.0,2,1.09
3376,Kepler-94 b,0.313,0.034,2.50806,997.0,2,0.81
3388,Kepler-95 b,0.305,0.041,11.5231,927.0,1,1.08
3400,Kepler-96 b,0.23800000000000002,0.027,16.2385,711.0,1,1.0
3414,Kepler-97 b,0.132,0.011,2.58664,1328.0,2,0.94
3426,Kepler-98 b,0.17800000000000002,0.011,1.54168,1592.0,1,0.99
3437,Kepler-99 b,0.132,0.019,4.60358,810.0,1,0.79
3449,LHS 1140 b,0.128,0.020919999999999998,24.73712,230.0,1,0.15
3452,Lupus-TR-3 b,0.89,0.81,3.91405,1013.3400427569551,1,0.87
3453,MASCARA-1 b,1.5,3.7,2.14878,2570.0,1,1.72
3482,NGTS-1 b,1.33,0.812,2.647298,790.0,1,0.62
3483,NGTS-3 A b,1.48,2.38,1.6753728,1561.8257960369579,1,1.02
3529,OGLE-TR-10 b,1.25,0.62,3.101278,1488.0554940723746,1,1.14
3531,OGLE-TR-113 b,1.093,1.26,1.4324752,1339.2952975879607,1,0.78
3532,OGLE-TR-132 b,1.2,1.18,1.689868,2013.0,1,1.3
3533,OGLE-TR-182 b,1.13,1.01,3.9791,1345.8458555556074,1,1.14
3534,OGLE-TR-211 b,1.36,1.03,3.67724,1724.5407497135673,1,1.33
3535,OGLE2-TR-L9 b,1.61,4.5,2.4855335,2034.667195174626,1,1.52
3539,POTS-1 b,0.941,2.31,3.1606296,844.2794889033928,1,0.69
3550,Qatar-1 b,1.143,1.294,1.4200242,1418.0,1,0.84
3551,Qatar-2 b,1.254,2.494,1.33711647,1344.0,1,0.74
3552,Qatar-3 b,1.0959999999999999,4.31,2.5079204,1681.0,1,1.15
3553,Qatar-4 b,1.135,6.1,1.8053564,1385.0,1,0.9
3554,Qatar-5 b,1.107,4.32,2.8792319,1415.0,1,1.13
3565,TRAPPIST-1 b,0.09699999999999999,0.00267,1.51087081,400.0,7,0.08
3566,TRAPPIST-1 c,0.094,0.00434,2.4218233,342.0,7,0.08
3567,TRAPPIST-1 d,0.069,0.0012900000000000001,4.04961,288.0,7,0.08
3568,TRAPPIST-1 e,0.08199999999999999,0.00195,6.099615,251.0,7,0.08
3569,TRAPPIST-1 f,0.09300000000000001,0.00214,9.20669,219.0,7,0.08
3570,TRAPPIST-1 g,0.10099999999999999,0.004220000000000001,12.35294,199.0,7,0.08
3577,TrES-1 b,1.13,0.84,3.03007,1140.8493878534375,1,1.04
3578,TrES-2 b,1.36,1.49,2.47063,1499.3836181372683,1,1.36
3579,TrES-3 b,1.3359999999999999,1.91,1.30618581,1642.52613232552,1,0.93
3580,TrES-4 b,1.61,0.78,3.55395,1780.9221776462516,1,1.08
3581,TrES-5 b,1.194,1.79,1.48224686,1480.0,1,0.9
3590,WASP-10 b,1.08,3.15,3.0927616,1370.0,1,0.75
3591,WASP-100 b,1.33,1.26,2.84938,2195.199244695943,1,0.77
3592,WASP-101 b,1.43,0.51,3.58572,1552.6299366385047,1,1.41
3593,WASP-103 b,1.528,1.49,0.925542,2508.0,1,1.22
3594,WASP-104 b,1.137,1.272,1.7554137,1516.0,1,1.08
3595,WASP-105 b,0.96,1.8,7.87288,900.0,1,0.89
3596,WASP-106 b,1.02,1.62,9.28971,1149.9409085472137,1,0.93
3597,WASP-107 b,0.94,0.12,5.72149,770.0,1,0.69
3598,WASP-11 b,1.11,0.79,3.72247,949.7691383278491,1,1.42
3599,WASP-113 b,1.409,0.475,4.54216875,1496.0,1,1.32
3600,WASP-114 b,1.339,1.769,1.5487743,2043.0,1,1.29
3601,WASP-117 b,1.06,0.3,10.02165,1022.0663677489044,1,1.29
3602,WASP-118 b,1.44,0.514,4.0460435,1729.0,1,1.32
3603,WASP-119 b,1.4,1.23,2.49979,1600.0,1,1.02
3604,WASP-12 b,1.82,1.31,1.09142,2579.3990787104244,1,1.2
3605,WASP-120 b,1.473,4.85,3.6112706,1880.0,1,1.39
3606,WASP-121 b,1.865,1.183,1.2749255,2358.0,1,1.35
3607,WASP-123 b,1.318,0.899,2.9776412,1520.0,1,1.17
3608,WASP-124 b,1.24,0.6,3.37265,1400.0,1,1.07
3609,WASP-126 b,0.96,0.28,3.2888,1480.0,1,1.12
3610,WASP-127 b,1.37,0.18,4.178062,1400.0,1,1.08
3611,WASP-129 b,0.93,1.0,5.748145,1100.0,1,1.0
3612,WASP-13 b,1.22,0.36,4.35301,1552.621338765422,1,0.72
3613,WASP-130 b,0.89,1.23,11.55098,833.0,1,1.04
3614,WASP-131 b,1.22,0.27,5.322023,1460.0,1,1.06
3615,WASP-132 b,0.87,0.41,7.133521,763.0,1,0.8
3616,WASP-133 b,1.21,1.16,2.176423,1790.0,1,1.16
3617,WASP-135 b,1.3,1.9,1.4013794,1718.1147480830036,1,0.98
3618,WASP-136 b,1.38,1.51,5.215357,1742.0,1,1.41
3619,WASP-138 b,1.09,1.22,3.634433,1590.0,1,1.22
3620,WASP-139 b,0.8,0.117,5.924262,910.0,1,0.92
3621,WASP-14 b,1.38,8.84,2.24375,1860.9444320552525,1,1.62
3622,WASP-140 b,1.44,2.44,2.2359835,1320.0,1,0.9
3623,WASP-141 b,1.21,2.69,3.310651,1540.0,1,1.25
3624,WASP-142 b,1.53,0.84,2.052868,2000.0,1,1.33
3625,WASP-15 b,1.41,0.54,3.7521,1653.508925248534,1,1.18
3626,WASP-151 b,1.13,0.31,4.533471,1290.0,1,1.08
3627,WASP-153 b,1.55,0.39,3.332609,1700.0,1,1.34
3628,WASP-156 b,0.51,0.128,3.836169,970.0,1,0.84
3629,WASP-157 b,1.065,0.574,3.9516205,1339.0,1,1.26
3630,WASP-16 b,1.22,1.24,3.1186,1304.0002114960664,1,1.78
3632,WASP-17 b,1.87,0.78,3.73543,1547.8850224585944,1,2.28
3633,WASP-18 b,1.2,11.44,0.94145,2411.3249578920545,1,1.46
3634,WASP-19 b,1.392,1.069,0.78883899,2520.0,1,0.9
3635,WASP-2 b,1.071,0.915,2.152226,1304.0,1,0.89
3636,WASP-20 b,1.462,0.311,4.8996284,1379.0,1,1.2
3637,WASP-21 b,1.07,0.3,4.322482,1335.809802327937,1,0.89
3638,WASP-22 b,1.23,0.67,3.53269,1419.4116967541006,1,1.46
3639,WASP-23 b,0.9620000000000001,0.884,2.9444256,1132.5139717339712,1,0.78
3640,WASP-24 b,1.38,1.24,2.34121,1770.08693730181,1,1.43
3641,WASP-25 b,1.07,0.44,3.76483,1217.938951170129,1,0.67
3642,WASP-26 b,1.21,0.85,2.7566,1679.7752102896454,1,0.86
3643,WASP-28 b,1.213,0.907,3.40883,1468.0,1,1.02
3644,WASP-29 b,0.77,0.23,3.92273,973.7567076065918,1,0.77
3645,WASP-3 b,1.42,2.43,2.71866,1678.7489525083752,1,1.62
3646,WASP-31 b,1.5490000000000002,0.478,3.4059096,1574.4165293201918,1,1.16
3647,WASP-32 b,0.96,2.63,2.71866,1560.8580107158762,1,0.72
3648,WASP-33 b,1.6,1.17,1.21987,2648.5297472138536,1,1.85
3649,WASP-34 b,1.0,0.56,4.31768,1158.6185249433465,1,0.96
3650,WASP-35 b,1.3,0.71,3.16158,1449.8153631194207,1,1.05
3651,WASP-36 b,1.327,2.361,1.53736596,1733.0,1,1.08
3652,WASP-37 b,1.16,1.8,3.577469,1322.8049604342225,1,0.93
3653,WASP-38 b,1.23,3.44,6.87188,1256.9169256275982,1,1.76
3654,WASP-39 b,1.27,0.28,4.055259,1120.5603808328615,1,0.93
3655,WASP-4 b,1.33,1.18,2.14363,1536.3143352765096,1,0.87
3656,WASP-41 b,1.1,0.85,3.0524,1243.043187141198,2,0.81
3658,WASP-42 b,1.122,0.527,4.9816819,1021.0,1,0.95
3659,WASP-43 b,0.93,1.78,0.813475,1377.7883396314762,1,0.58
3660,WASP-44 b,1.14,0.889,2.4238039,1349.9755957506745,1,0.95
3661,WASP-45 b,1.14,1.04,3.12609,1197.1573823250262,1,0.95
3662,WASP-46 b,1.1740000000000002,1.91,1.43036763,1636.0,1,0.83
3663,WASP-47 b,1.127,1.1424299999999998,4.1591289,1262.028431184323,4,1.04
3665,WASP-47 d,0.319,0.04122,9.03077,974.6043342270137,4,1.04
3666,WASP-47 e,0.161,0.021490000000000002,0.789592,2195.8483952999914,4,1.04
3667,WASP-48 b,1.5,0.8,2.14363,2031.7025941583745,1,0.88
3668,WASP-49 b,1.11,0.37,2.78174,1370.3894824333063,1,0.92
3669,WASP-5 b,1.087,1.58,1.6284279,1706.0,1,0.96
3670,WASP-50 b,1.22,1.65,1.9551,1390.449006404757,1,1.06
3671,WASP-52 b,1.27,0.46,1.7497798,1315.0,1,0.87
3672,WASP-53 b,1.074,2.132,3.3098443,1053.0,1,0.84
3674,WASP-54 b,1.58,0.59,3.69364,1781.1655790743346,1,1.08
3675,WASP-55 b,1.33,0.61,4.46563,1266.8468745200357,1,1.11
3676,WASP-56 b,0.94,0.45,4.6171,1202.258245173669,1,0.71
3677,WASP-57 b,1.05,0.644,2.83891856,1338.0,1,0.89
3678,WASP-58 b,1.43,0.97,5.01718,1277.156083184788,1,1.06
3679,WASP-59 b,0.775,0.863,7.919585,670.0,1,0.72
3680,WASP-6 b,1.03,0.37,4.305,1179.7832172624849,1,0.55
3681,WASP-60 b,0.88,0.55,4.305,1313.3173128904384,1,1.19
3682,WASP-61 b,1.41,2.68,3.8559,1547.6247035228853,1,1.82
3683,WASP-62 b,1.32,0.52,4.41195,1426.7575661627561,1,1.11
3684,WASP-63 b,1.41,0.37,4.37808,1530.2421783029754,1,1.28
3685,WASP-64 b,1.271,1.271,1.5732918,1689.0,1,1.0
3686,WASP-65 b,1.112,1.55,2.3114243,1480.0,1,0.93
3687,WASP-66 b,1.4,2.35,4.08605,1799.826779872644,1,1.33
3688,WASP-67 b,1.15,0.43,4.61442,1025.74406556414,1,0.91
3689,WASP-68 b,1.32,1.08,5.0843,1482.789497465486,1,1.49
3690,WASP-69 b,1.11,0.29,3.86814,960.0981111530947,1,0.98
3691,WASP-7 b,1.33,0.96,4.9546416,1487.0,1,1.28
3692,WASP-70 A b,1.1640000000000001,0.59,3.7130203,1387.0,1,1.11
3693,WASP-71 b,1.18,1.39,2.90367,2063.85883953289,1,0.76
3694,WASP-72 b,1.29,2.3,2.21673,2056.854025262805,1,2.78
3695,WASP-73 b,1.42,2.86,4.08722,1779.1732747867136,1,2.52
3696,WASP-74 b,1.36,0.72,2.13775,1915.9666676598026,1,0.98
3697,WASP-75 b,1.27,1.07,2.484193,1710.0,1,1.14
3698,WASP-76 b,1.83,0.92,1.809886,2160.0,1,1.46
3699,WASP-77 A b,1.38,2.29,1.36003,1630.2068243257877,1,1.49
3700,WASP-78 b,1.93,1.11,2.17518,2292.621316282133,1,1.87
3701,WASP-79 b,1.67,0.85,3.66238,1758.4649856865226,1,1.43
3702,WASP-8 b,1.13,2.54,2.70579,1549.0011080657723,2,1.34
3704,WASP-80 b,0.9990000000000001,0.538,3.06785234,825.0,1,0.58
3705,WASP-81 b,1.429,0.729,2.7164762,1623.0,1,1.08
3706,WASP-82 b,1.62,1.17,2.70579,2175.454197230148,1,1.48
3707,WASP-83 b,1.04,0.3,4.971252,1120.0,1,1.11
3708,WASP-84 b,0.9420000000000001,0.694,8.5234865,797.0,1,0.84
3709,WASP-85 A b,1.24,1.265,2.6556777,1452.0,1,1.09
3710,WASP-88 b,1.46,0.42,4.954,1762.0336102504516,1,0.94
3711,WASP-89 b,1.04,5.9,3.3564227,1120.0,1,0.92
3712,WASP-90 b,1.63,0.63,3.916243,1840.0,1,1.55
3713,WASP-91 b,1.03,1.34,2.798581,1160.0,1,0.84
3714,WASP-92 b,1.4609999999999999,0.805,2.1746742,1871.0,1,1.19
3715,WASP-93 b,1.597,1.47,2.7325321,1942.0,1,1.33
3716,WASP-94 A b,1.58,0.5,3.95019,1502.3261283261716,1,1.67
3718,WASP-95 b,1.23,1.44,2.18467,1612.280588681244,1,1.46
3719,WASP-96 b,1.2,0.48,3.4252602,1285.0,1,1.06
3720,WASP-97 b,1.14,1.36,2.07276,1541.113340477001,1,1.18
3721,WASP-98 b,1.1440000000000001,0.922,2.96264036,1171.0,1,0.81
3722,WASP-99 b,1.02,2.43,5.75251,1467.4183863852493,1,1.21
3725,WTS-1 b,1.49,4.01,3.352057,1500.0,1,1.2
3726,WTS-2 b,1.3630000000000002,1.12,1.0187068,2000.0,1,0.82
3730,XO-1 b,1.14,0.83,3.94153,1202.1188179821327,1,0.88
3731,XO-2 N b,1.0190000000000001,0.597,2.61585922,1347.0726599470447,1,0.97
3734,XO-3 b,1.41,7.29,3.19154,2044.9026089897027,1,0.58
3735,XO-4 b,1.25,1.42,4.12508,1629.1374163039898,1,1.1
3736,XO-5 b,1.14,1.19,4.1877558,1230.0,1,1.04
3774,mercury,0.034897226473659365,0.00017307692307692307,87.97,447.6422905056272,8,1.0
3775,venus,0.0865643460971807,0.002564278187565859,224.7,327.47258581680114,8,1.0
3776,earth,0.09113015119223013,0.003146469968387777,365.26,278.5107321812077,8,1.0
3777,mars,0.04848307133355266,0.00033667017913593256,686.98,225.62883901487473,8,1.0
3778,jupiter,1.0,1.0,4332.82,122.11970808459346,8,1.0
3779,saturn,0.8329447440316975,0.2994204425711275,10755.7,90.1909745831991,8,1.0
3780,uranus,0.3627755288867274,0.04573761854583773,30687.15,63.59023860290717,8,1.0
3781,neptune,0.35219064238817926,0.05395152792413066,60190.03,50.80047658922089,8,1.0
